Date,Username,Tweet
2024-01-31 04:42:17+00:00,walkingside_,Pak Wowo telah menganggap remeh praktek politik anti demokrasi saat orba berkuasa.   #AsalBukan02 #PrabowoGibran #Pemilu2024 #Pilpres2024 https://t.co/HGJ2Tjishg
2024-01-31 04:42:10+00:00,samapta_ppu,Patroli Samapta Polres PPU melaksanakan patroli dialogis untuk memberi himbauan kamtibmas dan mencegah tindak kejahatan. . . . #PolresPPU #Poldakaltim #Polripresisi #Pemilu2024 #PemiluDamai #Damaiindonesia #IknNusantara https://t.co/i6vwnNsBKz
2024-01-31 04:41:34+00:00,BOPM_Wacana,Yuk baca selengkapnya di https://t.co/w8lPPpN38C  #pemilu2024 #kelasonline #daring #usu  Reporter : Rara Maura Hasibuan
2024-01-31 04:41:14+00:00,samapta_ppu,Personil patroli Sat Samapta Polres PPU melakukan pengamanan obyek vital bank bertujuan guna memberi rasa aman aktivitas masyarakat disekitar atm dan mencegah tindak kejahatan. . . . #PolresPPU #Poldakaltim #Polripresisi #Pemilu2024 #PemiluDamai #Damaiindonesia #IknNusantara https://t.co/LEkhNKVQsw
2024-01-31 04:40:51+00:00,walkingside_,Sangat memprihatinkan seorang Capres menganggap enteng pelanggaran HAM di masa lalu yang kadang dibuat sebagai lelucon. Terlebih adanya aktivis yang kini bergabung Prabowo telah menjadi penjilat dan pencuci dosa sang jenderal  #AsalBukan02 #PrabowoGibran #Pemilu2024 #Pilpres2024 https://t.co/b2UHT0BIo5
2024-01-31 04:39:34+00:00,IndonesiaBaikId,SohIB di sini ada yang terpilih jadi petugas pemilu?  Akses informasi seputar panduan Pemilu 2024 di ‚û°Ô∏è https://t.co/CQDjEcDsWp  #IndonesiaBaik #YangMudaSukaData #PetugasPemilu #PengawasPemilu #KPPS #Honor #Pemilu2024 #PemiluDamai2024 #PemiluDamaiPedia #KominfoNewsroom https://t.co/tTSEuJ4L7j
2024-01-31 04:38:58+00:00,IndonesiaBaikId,"@KemenkeuRI @KPU_ID @bawaslu_RI Jika dilihat dari perbandingan pada pemilu sebelumnya, honor badan ad hoc pada tahun 2024 mengalami kenaikan dibanding tahun2 sebelumnya.  #IndonesiaBaik #YangMudaSukaData #PetugasPemilu #PengawasPemilu #KPPS #Honor #Pemilu2024 #PemiluDamai2024 #PemiluDamaiPedia #KominfoNewsroom https://t.co/EdcKPWOQic"
2024-01-31 04:37:57+00:00,polres_badung__,P14 Hari Menuju Pemilu 2024 Stop Hoax Sedini Mungkin !  #pemiluserentak2024 #pemilu2024 #divhumaspolri #poldabali #polresbadung https://t.co/4cr5MJaX11
2024-01-31 04:36:44+00:00,polres_badung__,Polri Siap Jaga Netralitas Kenyamanan Masyarakat Adalah Prioritas Kami  #pemiluserentak2024 #pemilu2024 #divhumaspolri #poldabali #polresbadung https://t.co/zjtNpC8gnT
2024-01-31 04:36:14+00:00,polrestubalpg,Patroli Hunting dan Strong Point  Personel Polres Tulang Bawang dan jajaran melaksanakan patroli hunting dan pengaturan pada titik-titik rawan (strong point) di kabupaten Tulang Bawang  #kapolrestulangbawang #akbpjames #tulangbawang #pemilu2024 #strongpoint #patrolihunting https://t.co/5GdqTW2J19
2024-01-31 04:34:24+00:00,KompasData,Simak juga konten arsip cawapres nomor urut 2 Gibran Rakabuming Raka (@gibran_tweet) di @KompasData.  #Pemilu2024 #MudaMemilih #ArsipKompas #FotoCerita #AdadiKompas
2024-01-31 04:33:53+00:00,IndonesiaBaikId,"Hai SohIB!  Pemerintah melalui @KemenkeuRI menyetujui pengajuan anggaran yg disampaikan @KPU_ID, untuk kenaikan honor ad hoc penyelenggara pemilu 2024.  (sebuah Utas) ‚¨áÔ∏è‚¨áÔ∏è‚¨áÔ∏è  #IndonesiaBaik #PetugasPemilu #PengawasPemilu #KPPS #Honor #Pemilu2024 #PemiluDamai2024 #PemiluDamaiPedia https://t.co/Ifuun7jWFM"
2024-01-31 04:33:47+00:00,walkingside_,Bisa jadi Indonesia akan bernasib sama dengan Filipina jika yang terpilih nantinya adalah pihak yang meniru persis strategi kampanye Bongbong Marcos yang tak lain tak bukan adalah si gemoy. Jangan sampe ini terjadi!  #AsalBukan02 #PrabowoGibran #Pemilu2024 #Pilpres2024 https://t.co/Koa4bK78Yy
2024-01-31 04:33:36+00:00,walkingside_,Jangan sampe kejadian di Indonesia ya! Cukup kejadian di Filipina saja.   #AsalBukan02 #PrabowoGibran #Pemilu2024 #Pilpres2024 https://t.co/2fWAdWYObH
2024-01-31 04:32:46+00:00,Jabareksprescom,"Jelang Pemilu 2024, PLN Jabar Siaga Jaga Pasokan Listrik  https://t.co/vZjPf7QxIP  Editor : jabar ekspres / Annisa Rachmawati #jabarekspres #Jelangpemilu #Pemilu2024 #PLN #JawaBarat #Siaga #PilpresDamai2024"
2024-01-31 04:32:23+00:00,mypresidentid,Pak @prabowo bersama dengan Presiden @jokowi  meresmikan Graha AKMIL  #prabowo #gibranrakabumingraka #prabowogibran #prabowopresiden #allinprabowo #mendingprabowo #indonesia #indonesiamaju #jokowi #ganjarpranowo #aniesbaswedan #pemilu2024 #pilpres2024 #politik #politikindonesia https://t.co/zrEYNr4Wxu
2024-01-31 04:30:53+00:00,Jabareksprescom,Cara Nyoblos Surat Suara yang Sah di TPS saat Pemilu 2024  https://t.co/dGwKtwxS0f  Editor : jabar ekspres / Hannie Mauliyandinie  #jabarekspres #TPS #Politik #Pemilu2024 #PemiluSerentak2024 #Pilpres2024 #Suratsuara
2024-01-31 04:28:08+00:00,TSalaksa,Pemilu damai harus kita wujudkan  #Pemilu2024 #PemiluDamaiPedia https://t.co/8Ma4eCdAGf
2024-01-31 04:27:30+00:00,BenarNewsID,Politisi PDIP mengatakan Anies dan Ganjar mungkin bersekutu mengalahkan Prabowo ‚Äì kandidat terkuat ‚Äì apabila pemilihan presiden berlangsung dua putaran. @masinton  #pemilu2024 #pilpres2024 https://t.co/8lMrOMhBFA
2024-01-31 04:26:15+00:00,TSalaksa,Dukung pemilu berkualitas dan bermartabat  #Pemilu2024 #PemiluDamaiPedia #JagaPersatuan #TidakGolput https://t.co/yYLnGQDU4g
2024-01-31 04:26:01+00:00,TSalaksa,Seluruh ASN Wajib menjaga Netralitas jelang pemilu 2024  #Pemilu2024 #PemiluDamaiPedia #JagaPersatuan #TidakGolput https://t.co/1R47CdPuwf
2024-01-31 04:25:39+00:00,TSalaksa,Kawal dan Sukseskan Pemilu Damai 2024  #Pemilu2024 #PemiluDamaiPedia #JagaPersatuan #TidakGolput https://t.co/oyLDWOWUka
2024-01-31 04:24:31+00:00,walkingside_,Anggaran dari rencana Prabowo Gibran yakni makan siang gratis tak jelas sumber dana-dananya. Masih mau milih yang kayak begini?  #AsalBukan02 #PrabowoGibran #Pemilu2024 #Pilpres2024 https://t.co/WonvF1WP8Y
2024-01-31 04:24:18+00:00,hasbi_azhar,Keren nih proyek #foodestate #pemilu2024 #pensiungolput
2024-01-31 04:23:49+00:00,Sikeumgl,Kapolresta magelang beserta staf dan bhayangkari mengucapkan Selamat Harlah yang ke 101 tahun untuk NAHDLATUL ULAMA (16 Rajab 1445 Hijriyyah - 31 Januari 2024 M).   #HadirBerbuatBermanfaat #polrestamagelanghadir #polri #pemilu2024 #pemiludamai #magelang https://t.co/8wGCHjFDap
2024-01-31 04:23:48+00:00,walkingside_,Rencana yang dilakukan oleh Prabowo Gibran untuk menaikkan pajak selain memberatkan rakyat juga tak sesuai dengan program mereka yakni makan siang gratis. Coba deh pikir2 lagi kalo mau milih 02!  #AsalBukan02 #PrabowoGibran #Pemilu2024 #Pilpres2024 https://t.co/9vyxJcThUe
2024-01-31 04:18:43+00:00,walkingside_,"Berkaca pada Filipina, omon-omon Jokowi pada Prabowo hanyalah angan-angan. Nantinya the Nepo Baby aka Samsul itulah yang bakal menjadikan sad ending bagi Indonesia.   #PresidenJokowi #PrabowoGibran #Pemilu2024 #Pilpres2024 https://t.co/Gri4uOpXmj"
2024-01-31 04:15:28+00:00,walkingside_,"Filipina dan Indonesia ternyata memiliki kesamaan, atas nama kekuasaan kemudian menghalalkan berbagai cara agar tetap bertahta, salah satunya ya mengubah peraturan.    #PresidenJokowi #PrabowoGibran #Pemilu2024 #Pilpres2024 https://t.co/VBdBLuCgDL"
2024-01-31 04:13:56+00:00,CR7ISTIANO_7,Pendukung 01 diinstruksikan untuk menggempur TikToküî•  #AMIN #AniesMuhaimin #Pemilu2024 #AMINAjaDulu #AMINkanIndonesia #AMINfor2024 https://t.co/E2GAp4DNuV
2024-01-31 04:13:29+00:00,Suryono68809308,Kapolresta magelang beserta staf dan bhayangkari mengucapkan Selamat Harlah yang ke 101 tahun untuk NAHDLATUL ULAMA (16 Rajab 1445 Hijriyyah - 31 Januari 2024 M).   #HadirBerbuatBermanfaat #polrestamagelanghadir #polri #pemilu2024 #pemiludamai #magelang https://t.co/kKZUP68HBW
2024-01-31 04:10:12+00:00,RRIPrograma3,"Bersama: - Amir Arief, Direktur Sosialisasi dan Kampanye Antikorupsi KPK - Prof. Dr. Hariadi Kartodihardjo, Guru Besar Fakultas Kehutanan &amp  Lingkungan - IPB  Dengarkan secara langsung di Pro 3 88,8 FM  #antikorupsi #hajarseranganfajar #kpk #pemilu2024 #gerakancerdasmemilih"
2024-01-31 04:09:36+00:00,ElKalMan,Selektif dalam memilih adalah bentuk tangkal Hoax Menjelang Pemilu 2024 #Pemilu2024 #Pilpres2024 #PemiluDamai #JanganGolput #StopHoaxPemilu https://t.co/Lf52Hr79Yq
2024-01-31 04:09:35+00:00,ElKalMan,Pemilu 2024 harus terbebas yang namanya HOAX !! #Pemilu2024 #Pilpres2024 #PemiluDamai #JanganGolput #StopHoaxPemilu https://t.co/51oPnkpZIz
2024-01-31 04:09:35+00:00,ElKalMan,Waspada terhadap berita palsu atau HOAX menjelang Pemilu 2024 #Pemilu2024 #Pilpres2024 #PemiluDamai #JanganGolput #StopHoaxPemilu https://t.co/6VIHHCRaa5
2024-01-31 04:09:34+00:00,ElKalMan,Orang Cerdas pasti menggunakan Hak Pilihnya pada Pemilu 2024 #Pemilu2024 #Pilpres2024 #PemiluDamai #JanganGolput #StopHoaxPemilu https://t.co/dsEhDhZn8s
2024-01-31 04:06:05+00:00,macharimurti,"Hati2 bias kebencian akut ke salah satu paslon ditambah dukungan algoritma sosmed yg memunculkan konten2 paslon yg dibenci akan masuk ke alam bawah sadar, pas hari H malah nyoblos nomor paslon yg dibenci ü§≠. #Pemilu2024 #AMINAjaDulu #PrabowoGibran #GanjarMahfud2024"
2024-01-31 04:05:18+00:00,ummu_aq,Menyikapi fenomena pindah kubu   https://t.co/JEXG4cYVhw  #pemilu2024 #pemiluserentak2024 #ustadzismailyusanto https://t.co/fxUoCbZGVG
2024-01-31 03:59:42+00:00,IndonesiaHanoi,"Gunakan hak suara Anda untuk Indonesia! Pemungutan suara Pemilu 2024 di TPSLN Hanoi akan dilaksanakan dengan jadwal sbb.:  üóìHari, tanggal : Senin, 5 Februari 2024 üèòTempat : KBRI Hanoi, 50 Ngo Quyen, Hoan Kiem, Hanoi  #Pilpres2024 #Pemilu2024"
2024-01-31 03:59:05+00:00,rezaalhakim4,"Luar biasa sekelas mantan gubernur DKI 1 mau jdi capres, raja pun bergerak dan turun tangan. Ibarat main catur berarti pertahanan sudah  rapuh... Sekuat itukan capres mantan DKI 1  raja mau turun tangan  #Pemilu2024  #Pilpres2024  #Indonesia"
2024-01-31 03:55:43+00:00,SiputLpg,Mari Wujudkan Pemilu 2024 Yang Aman &amp  Damai #PemiluSerentak2024 #KPUMelayani #LogistikPemilu2024 #pemilu2024 #Capres #Cawapres #AniesBaswedan #MuhaiminIskandar #PrabowoSubianto #GibranRakabuming #GanjarPranowo #MahfudMD #Pilpres2024 #Pemilu2024 https://t.co/919O3IlBLy
2024-01-31 03:55:39+00:00,SiputLpg,Mari Wujudkan Pemilu 2024 Yang Aman &amp  Damai #PemiluSerentak2024 #KPUMelayani #LogistikPemilu2024 #pemilu2024 #Capres #Cawapres #AniesBaswedan #MuhaiminIskandar #PrabowoSubianto #GibranRakabuming #GanjarPranowo #MahfudMD #Pilpres2024 #Pemilu2024 https://t.co/G7CtFGS8zK
2024-01-31 03:55:35+00:00,SiputLpg,Mari Wujudkan Pemilu 2024 Yang Aman &amp  Damai #PemiluSerentak2024 #KPUMelayani #LogistikPemilu2024 #pemilu2024 #Capres #Cawapres #AniesBaswedan #MuhaiminIskandar #PrabowoSubianto #GibranRakabuming #GanjarPranowo #MahfudMD #Pilpres2024 #Pemilu2024 https://t.co/rZ4MNcJsYB
2024-01-31 03:55:31+00:00,murtopotop,"Bawa Spanduk Pilih Ganjar Saat Kunjungan Jokowi, Pria di Gunungkidul Dipukul Hingga Jakunnya Geser  #Pemilu2024 #pendukungganjar #GanjarMahfud #Jokowi   https://t.co/mtt9a3HI9D via @tribunnews"
2024-01-31 03:55:31+00:00,SiputLpg,Mari Wujudkan Pemilu 2024 Yang Aman &amp  Damai #PemiluSerentak2024 #KPUMelayani #LogistikPemilu2024 #pemilu2024 #Capres #Cawapres #AniesBaswedan #MuhaiminIskandar #PrabowoSubianto #GibranRakabuming #GanjarPranowo #MahfudMD #Pilpres2024 #Pemilu2024 https://t.co/7Z53ag07ab
2024-01-31 03:55:29+00:00,bidhumasaceh,Apel Pengecekan pasukan Pengamanan TPS menjelang Pemilu 2024 adalah langkah krusial untuk memastikan pelaksanaan demokrasi yang aman dan tertib.   @DivHumas_Polri  @Polripresisi  @polisi_peduli  @indo_pol   #bidhumaspoldaaceh #poldaaceh #polripresisi #pemilu2024 https://t.co/7GzqkWsxlW
2024-01-31 03:55:26+00:00,SiputLpg,Mari Wujudkan Pemilu 2024 Yang Aman &amp  Damai #PemiluSerentak2024 #KPUMelayani #LogistikPemilu2024 #pemilu2024 #Capres #Cawapres #AniesBaswedan #MuhaiminIskandar #PrabowoSubianto #GibranRakabuming #GanjarPranowo #MahfudMD #Pilpres2024 #Pemilu2024 https://t.co/PlRfFgKjVv
2024-01-31 03:55:21+00:00,SiputLpg,Mari Wujudkan Pemilu 2024 Yang Aman &amp  Damai #PemiluSerentak2024 #KPUMelayani #LogistikPemilu2024 #pemilu2024 #Capres #Cawapres #AniesBaswedan #MuhaiminIskandar #PrabowoSubianto #GibranRakabuming #GanjarPranowo #MahfudMD #Pilpres2024 #Pemilu2024 https://t.co/bjn9807qKt
2024-01-31 03:55:06+00:00,SiputLpg,Mari Wujudkan Pemilu 2024 Yang Aman &amp  Damai #PemiluSerentak2024 #KPUMelayani #PemiluSerentak 2024 #LogistikPemilu2024 #pemilu2024 #Capres #Cawapres #AniesBaswedan #MuhaiminIskandar #PrabowoSubianto #GibranRakabuming #GanjarPranowo #MahfudMD #Pilpres2024 #Pemilu2024 https://t.co/2iEBxL3l5v
2024-01-31 03:55:01+00:00,SiputLpg,Mari Wujudkan Pemilu 2024 Yang Aman &amp  Damai #PemiluSerentak2024 #KPUMelayani #PemiluSerentak 2024 #LogistikPemilu2024 #pemilu2024 #Capres #Cawapres #AniesBaswedan #MuhaiminIskandar #PrabowoSubianto #GibranRakabuming #GanjarPranowo #MahfudMD #Pilpres2024 #Pemilu2024 https://t.co/PccpHuELgf
2024-01-31 03:54:19+00:00,dobrakdotco,Sosiolog Unair Soal Pernyataan Prof Mahfud MD  #Unair #MahfudMD #Pemilu2024  https://t.co/qEcLYL4APE
2024-01-31 03:53:25+00:00,AnsorKedamean,"Hayo sahabat, kamu sudah siap menghadapi pemilu di hari valentin ?  Jangan lupa mendekat ya, kira-kira kamu mendekat kemana ?   Baca disini agar tahu arah perjuangan 2024 ü§≠ https://t.co/Sgq36lvR8M #Pemilu2024 #Pemilu2024AmanDamai #PemiluSerentak2024"
2024-01-31 03:52:05+00:00,bag_ops_PPU,"Polres Ppu, Polda Kaltim - Patroli Gabungan 3 Pilar, Ciptakan Situasi Harkamtibmas Kondusif Jelang Pemilu Damai 2024 di Gudang KPU Kab. PPU, Rabu (31/01/2023)  .@divisihumaspolri @spripim.polri . #PolresPPU #Poldakaltim #Polripresisi #Pemilu2024 #PemiluDamai #Damaiindonesia https://t.co/M4fnAZ88wn"
2024-01-31 03:49:58+00:00,daniss25604824,Kapolresta magelang beserta staf dan bhayangkari mengucapkan Selamat Harlah yang ke 101 tahun untuk NAHDLATUL ULAMA (16 Rajab 1445 Hijriyyah - 31 Januari 2024 M).   #HadirBerbuatBermanfaat #polrestamagelanghadir #polri #pemilu2024 #pemiludamai #magelang https://t.co/pY0WIeUVxO
2024-01-31 03:49:43+00:00,bag_ops_PPU,"Polres Ppu, Polda Kaltim - Patroli Gabungan 3 Pilar, Ciptakan Situasi Harkamtibmas Kondusif Jelang Pemilu Damai 2024 di Kantor Bawaslu Kab. PPU, Rabu (31/01/2023) .@divisihumaspolri @spripim.polri . #PolresPPU #Poldakaltim #Polripresisi #Pemilu2024 #PemiluDamai #Damaiindonesia https://t.co/XgNMjdJOi9"
2024-01-31 03:48:54+00:00,DsdIskak,Kapolresta magelang beserta staf dan bhayangkari mengucapkan Selamat Harlah yang ke 101 tahun untuk NAHDLATUL ULAMA (16 Rajab 1445 Hijriyyah - 31 Januari 2024 M).   #HadirBerbuatBermanfaat #polrestamagelanghadir #polri #pemilu2024 #pemiludamai #magelang https://t.co/cS8IvCQqam
2024-01-31 03:47:41+00:00,beritaKBR,"Mahfud mengatakan Presiden @Jokowi mengangkatnya menjadi Menko Polhukam dengan hormat, maka menurut dia, ketika mundur juga dilakukan dengan hormat.  Itu segi etiknya. Tinggal nunggu jadwal ketemu,"" kata @mohmahfudmd.  #Pemilu2024  https://t.co/KgtGU1ft49"""
2024-01-31 03:47:26+00:00,acehsatu2,#pemilu2024 #viral Lihat video Suhendri aceh ( tangerang )! #TikTok https://t.co/0PaDEhrlaU
2024-01-31 03:47:16+00:00,lestikelar,Seluruh aparatur Negara wajib netral dalam Pemilu 2024  #pemilu2024 https://t.co/7MszZXqKVs
2024-01-31 03:44:57+00:00,PolrestaMgl,Kapolresta magelang beserta staf dan bhayangkari mengucapkan Selamat Harlah yang ke 101 tahun untuk NAHDLATUL ULAMA (16 Rajab 1445 Hijriyyah - 31 Januari 2024 M).   #HadirBerbuatBermanfaat #polrestamagelanghadir #polri #pemilu2024 #pemiludamai #magelang https://t.co/ZkcuDsM6i7
2024-01-31 03:44:36+00:00,bag_ops_PPU,"Polres Ppu, Polda Kaltim - Patroli Gabungan 3 Pilar, Ciptakan Situasi Harkamtibmas Kondusif Jelang Pemilu Damai 2024 di Kantor PPK Kec. Penajam Kab. PPU, Rabu (31/01/2023)  .@divisihumaspolri @spripim.polri . #PolresPPU #Poldakaltim #Polripresisi #Pemilu2024 #PemiluDamai https://t.co/9xR2eSEfSw"
2024-01-31 03:42:59+00:00,polseknglu18112,Kapolresta magelang beserta staf dan bhayangkari mengucapkan Selamat Harlah yang ke 101 tahun untuk NAHDLATUL ULAMA (16 Rajab 1445 Hijriyyah - 31 Januari 2024 M).   #HadirBerbuatBermanfaat #polrestamagelanghadir #polri #pemilu2024 #pemiludamai #magelang https://t.co/IjmR9brzcC
2024-01-31 03:40:20+00:00,bag_ops_PPU,"Polres Ppu, Polda Kaltim - Patroli Gabungan 3 Pilar, Ciptakan Situasi Harkamtibmas Kondusif Jelang Pemilu Damai 2024 di Kantor KPU Kab. PPU, Rabu (31/01/2023)  .@divisihumaspolri @spripim.polri . #PolresPPU #Poldakaltim #Polripresisi #Pemilu2024 #PemiluDamai #Damaiindonesia https://t.co/u8nyzGTzsO"
2024-01-31 03:38:00+00:00,tribunjogja,"Tribun Jogja edisi Rabu, 31 Januari 2024. #Pemilu2024 #pilpres https://t.co/o0wZOPf4hg"
2024-01-31 03:36:52+00:00,id_hananto,Setiap capres kan dikawal paspampres ya. Coba aja tanya paspampres capres mana yg setiap acara rakyat memihak dan membludak #Pemilu2024 #capres2024
2024-01-31 03:32:20+00:00,rizki_NU,Selamat Pagi Indonesia....#viral #VideoViral #goodmorning #WednesdayMotivation #Pemilu2024 #Pilpres2024 #TikTok„É©„Ç§„Éñ #Twitter‰øùÂ≠ò„É©„É≥„Ç≠„É≥„Ç∞ https://t.co/MGXht7Rgdo
2024-01-31 03:31:50+00:00,officialntv_,"Round Up Kampanye ke-64, Pasangan Calon Gencar Tebar Janji ke Daerah  https://t.co/TnfIe11ogf  #Pemilu2024 #kampanye #AMINkanIndonesia #PrabowoGibran #GanjarMahfudSatset #Pilpres2024 #PemiluIndonesia"
2024-01-31 03:30:41+00:00,adammalik64,Kita semua tahu bahwa Bansos dan BLT itu program negara untuk masyarakat. Bukan program tim pemenangan Capres untuk mencari dukungan publik. Telah terjadi penyalahgunaan kebijakan.   #PresidenJokowi #PrabowoGibran #Pilpres2024 #Pemilu2024 #AsalBukan02 https://t.co/zU73ZiiJfM
2024-01-31 03:30:17+00:00,SariPutri96,Kita semua tahu bahwa Bansos dan BLT itu program negara untuk masyarakat. Bukan program tim pemenangan Capres untuk mencari dukungan publik. Telah terjadi penyalahgunaan kebijakan.   #PresidenJokowi #PrabowoGibran #Pilpres2024 #Pemilu2024 #AsalBukan02 https://t.co/f6QpTDkCzK
2024-01-31 03:29:39+00:00,AnditaZell20506,"Negeri ini sedang tidak baik2 saja ....saatnya semua bersatu, ada isu bersama yg bisa menyatukan rakyat semua. LAWAN ‚úäüèΩ #Pemilu2024  #savedemokrasi #savereformasi"
2024-01-31 03:29:34+00:00,PolresTW,Personel OMB Mansinam 2023-2024 Polres Teluk Wondama melaksanakan Patroli Dialogis guna ciptakan Kamtibmas yang kondusif jelang Pemilu 2024  #opsmantapbrata20232024  #pemilu2024  #polrihumanis  #polripresisi  @humas_poldaPB @DivHumas_Polri https://t.co/n29mKvteDk
2024-01-31 03:29:20+00:00,polreshalut_,Demokrasi Itu Boleh Beda Pilihan Akan Tetapi Tetap Jaga Persatuan   Pemilu 2024 Aman dan Damai  #pemilu2024  #PemiluAman2024  #PemiluDamai https://t.co/eR49TQhl58
2024-01-31 03:27:53+00:00,radarjabar_id,"Jelang Pemilu 2024, PLN Jabar Siaga Jaga Pasokan Listrik  https://t.co/5f8E980MBD  #radarjabar #Pemilu2024 #pilkada #PLN #PLNJabar #PasikanListrik #DistribusiListrik"
2024-01-31 03:26:49+00:00,officialntv_,"Kampanye Hari ke-65, Ganjar ke Pontianak dan Mahfud ke Aceh  https://t.co/OkhvXo7RHP  #Pemilu2024 #GanjarMahfud2024 #kampanye #Pilpres2024 #PemiluIndonesia"
2024-01-31 03:26:37+00:00,SariPutri96,Gibran seolah-olah menguasai masalah namun sebenarnya tidak secara substansi dan cenderung menghafal.    #PresidenJokowi #PrabowoGibran #Pilpres2024 #Pemilu2024 #AsalBukanGibran https://t.co/JNpEx7WFxA
2024-01-31 03:26:30+00:00,Coffee2Talks,"Investor Asing asal China, Arab Saudi dan penanam modal lainnya nyatakan minat untuk turut serta menggarap proyek IKN. #IbuKotaBaru #IndonesiaMaju  #GrandeFratello  #InvestSmart  #EkonomiKuat  #Pemilu2024 https://t.co/fzuUpsjyhQ"
2024-01-31 03:24:52+00:00,JDIHKPU_JAMBI,"#SobatJDIH, berikut penjelasan terkait Suara untuk Pemilu Anggota DPD yang dianggap sah serta tanda coblos Surat suara yang dinyatakan sah.   #PemiluSerentak2024  #sobatJDIH  #KPUProvinsiJambi  #pemilu2024  #pemilihanserentak2024  #jdihkpuprovinsijambi  #sobatjdihkpuprovinsijambi https://t.co/QzqPu072rg"
2024-01-31 03:23:53+00:00,KompasData,#Pemilu2024 Akankah Tren Pemimpin Populis Berangsur Bangkit? #AdadiKompas  https://t.co/rvP7omjXtj
2024-01-31 03:20:44+00:00,SariPutri96,"Sebagai anak hukum itu harus berprinsip ‚Äòyang penting bukan 02‚Äô  Rugi dong kalo sampe milih mereka yang Cawapresnya melanggar MK, Capresnya melanggar HAM, dan pendukungnya melanggar kampanye.    #PresidenJokowi #PrabowoGibran #Pilpres2024 #Pemilu2024 #AsalBukan02 https://t.co/4iN3fjNQWz"
2024-01-31 03:19:30+00:00,hariankompas,Akankah Tren Pemimpin Populis Berangsur Bangkit? #Pemilu2024 #AdadiKompas  https://t.co/iB074klYz3
2024-01-31 03:18:23+00:00,humasektuban,"Jangan biarkan Hoax menjadi penghalang bagi kita untuk memberikan hak suara yang adil dan merdeka di Pemilu 2024. Mari kita bersama-sama memerangi Hoax dan menjamin kelancaran dan keamanan Pemilu."" @divisihumaspolri @humaspoldajatim #pemilu2024 https://t.co/kz3g4GcFsR"""
2024-01-31 03:15:57+00:00,SariPutri96,Gibran belum layak menjadi Cawapres karena latar belakang dan privilege dirinya telah menutupi kemampuannya yang sebenarnya belum masuk.    #PresidenJokowi #PrabowoGibran #Pilpres2024 #Pemilu2024 #AsalBukanGibran https://t.co/xdZFxdleyh
2024-01-31 03:15:57+00:00,hoholucu,Wujudkan pemilu 2024 yang aman dan damai   #pemilu2024 #pemilu2024amandandamai https://t.co/sjeLY1HutH
2024-01-31 03:15:50+00:00,hoholucu,Wujudkan pemilu 2024 yang aman dan damai   #pemilu2024 #pemilu2024amandandamai https://t.co/gx7Ypqhg0x
2024-01-31 03:15:41+00:00,hoholucu,Wujudkan pemilu 2024 yang aman dan damai   #pemilu2024 #pemilu2024amandandamai https://t.co/daQpvMVqBZ
2024-01-31 03:15:33+00:00,hoholucu,Wujudkan pemilu 2024 yang aman dan damai   #pemilu2024 #pemilu2024amandandamai https://t.co/SiXfwSV0QY
2024-01-31 03:15:26+00:00,hoholucu,Wujudkan pemilu 2024 yang aman dan damai   #pemilu2024 #pemilu2024amandandamai https://t.co/VBUezoCMJI
2024-01-31 03:15:20+00:00,hoholucu,Wujudkan pemilu 2024 yang aman dan damai   #pemilu2024 #pemilu2024amandandamai https://t.co/w5Tu0AdiwD
2024-01-31 03:08:40+00:00,SariPutri96,"Hanya karena membawa spanduk 03 saat Presiden Jokowi melintas, seseorang berusaha diamankan aparat. Jokowi makin panik, polisi makin kalap.   #PresidenJokowi #PrabowoGibran #Pilpres2024 #Pemilu2024 https://t.co/FrT4LpkwAc"
2024-01-31 03:05:32+00:00,dellaannissaa,Suara kita menentukan masa depan kita #Pemilu2024 https://t.co/DsIb8mvVPV
2024-01-31 03:05:26+00:00,dellaannissaa,Ayo ke TPS gunakan hak pilih untuk menentukan masa depan bangsa #Pemilu2024 https://t.co/3M97opV0jF
2024-01-31 03:01:13+00:00,ChauzaZ,Wujudkan pemilu 2024 yang aman dan damai   #pemilu2024 #pemilu2024amandandamai https://t.co/LBl2M9cbFa
2024-01-31 03:01:08+00:00,ChauzaZ,Wujudkan pemilu 2024 yang aman dan damai   #pemilu2024 #pemilu2024amandandamai https://t.co/AxUvBaOdgQ
2024-01-31 03:01:04+00:00,ChauzaZ,Wujudkan pemilu 2024 yang aman dan damai   #pemilu2024 #pemilu2024amandandamai https://t.co/aXCtk98cOe
2024-01-31 03:00:59+00:00,ChauzaZ,Wujudkan pemilu 2024 yang aman dan damai   #pemilu2024 #pemilu2024amandandamai https://t.co/4wJgeamalP
2024-01-31 03:00:54+00:00,ChauzaZ,Wujudkan pemilu 2024 yang aman dan damai   #pemilu2024 #pemilu2024amandandamai https://t.co/YgbbORUGCN
2024-01-31 03:00:49+00:00,ChauzaZ,Wujudkan pemilu 2024 yang aman dan damai   #pemilu2024 #pemilu2024amandandamai https://t.co/QPWfcXEa3g
2024-01-31 03:00:44+00:00,ChauzaZ,Wujudkan pemilu 2024 yang aman dan damai   #pemilu2024 #pemilu2024amandandamai https://t.co/IiICFOOAar
2024-01-31 03:00:41+00:00,ChauzaZ,Wujudkan pemilu 2024 yang aman dan damai   #pemilu2024 #pemilu2024amandandamai https://t.co/n0QoIiCgW2
2024-01-31 03:00:02+00:00,EMCOPaint,"Kawan EMCO ayo ikut serta dalam pengambilan keputusan untuk masa depan negara. Suaramu, menentukan semuanya!  #EMCOpaint #EMCOlux #catkayudanbesi #pemilu2024 #pemilu #capres #cawapres https://t.co/LO0SyAHhjG"
2024-01-31 02:53:54+00:00,KompasData,#Pemilu2024 Jawaban Mahfud Saat Kiai Bertanya jika Dia Kalah Pilpres #AdadiKompas  https://t.co/oE9r6hVAg9
2024-01-31 02:49:57+00:00,hariankompas,Jawaban Mahfud Saat Kiai Bertanya jika Dia Kalah Pilpres #Pemilu2024 #AdadiKompas  https://t.co/Ua0z7Bjswn
2024-01-31 02:48:30+00:00,PolresTW,Personel OMB Mansinam 2023-2024 Polres Teluk Wondama melaksanakan pengamanan kegiatan Kampanye di Kampung Manopi Distrik Wasior Kab. Teluk Wondama  #opsmantapbrata20232024  #pemilu2024  #polrihumanis  #polripresisi @humas_poldaPB @DivHumas_Polri https://t.co/AZJMtSxlvA
2024-01-31 02:39:16+00:00,walkingside_,Penyalahgunaan program dan kebijakan adalah ketika bansos dan BLT digunakan untuk berkampanye dan menggiring dukungan publik. Ingat itu!  #PresidenJokowi #PrabowoGibran #Pilpres2024 #Pemilu2024 https://t.co/uRvu28HttM
2024-01-31 02:38:38+00:00,walkingside_,Kita semua tahu bahwa Bansos dan BLT itu program negara untuk masyarakat. Bukan program tim pemenangan Capres untuk mencari dukungan publik. Telah terjadi penyalahgunaan kebijakan.   #PresidenJokowi #PrabowoGibran #Pilpres2024 #Pemilu2024 #AsalBukan02 https://t.co/6mmqXLG6iH
2024-01-31 02:37:49+00:00,PrBawasluSulut,"Bawaslu Provinsi Sulawesi Utara melaksanakan Rapat Koordinasi Penguatan Kelembagaan bersama Stakeholder se-Provinsi Sulawesi Utara. (28-30 Januari 2024) bertempat di Hotel Sintesa Peninsula Manado.   Sunergitas Wujudkan Pemilu Berintegritas"". üòâ  #AyoAwasiBersama #Pemilu2024 https://t.co/UPAARuK9xP"""
2024-01-31 02:36:37+00:00,ZmrtsS_,"gw nanya ke beberapa temen gw tentang pilihannya karena pure kepo aja (beda pilihan juga), lu milih 04 alasannya apa?"" orang pertama: ikut aja lah (intinya fomo) orang kedua jawab dengan menjelek-jelekkan paslon lain. hmm, gw tuh maunya jawaban yang.. hmm lu tau dah #pemilu2024"""
2024-01-31 02:35:00+00:00,antaranews,KPU RI menyatakan penyelenggaraan Pemilu 2024 harus terbuka demi transparansi informasi kepada masyarakat.   #Pemilu2024  https://t.co/eMbvJinaJZ
2024-01-31 02:34:24+00:00,walkingside_,Gibran seolah-olah menguasai masalah namun sebenarnya tidak secara substansi dan cenderung menghafal.    #PresidenJokowi #PrabowoGibran #Pilpres2024 #Pemilu2024 #AsalBukanGibran https://t.co/acyMyRrjI2
